{"cameraMode":{"drawMode":0,"name":"Shaded","section":"Shading Mode"},"sceneLighting":true,"audioPlay":false,"sceneViewState":{"m_AlwaysRefresh":false,"showFog":true,"showSkybox":true,"showFlares":true,"showImageEffects":true,"showParticleSystems":true,"showVisualEffectGraphs":true,"m_FxEnabled":true},"in2DMode":false,"pivot":{"x":-550.2928466796875,"y":-0.005337566137313843,"z":745.56201171875},"rotation":{"x":0.36044660210609438,"y":-0.44793930649757388,"z":0.20375867187976838,"w":0.7924176454544067},"size":0.146621435880661,"orthographic":true}